epoch,train_loss,train_acc,train_macro_f1,val_loss,val_acc,val_macro_f1,lr,epoch_time_sec
1,0.4956266905182782,0.8330341113105925,0.7770470371094618,0.24318291632265882,0.896551724137931,0.8488867032556353,5e-05,316.42433047294617
2,0.15175426293906874,0.947935368043088,0.9296679276624321,0.20695365477224875,0.9137931034482759,0.8792328698780312,5e-05,280.81010818481445
3,0.08116986716661061,0.9766606822262118,0.9677953597331879,0.11554880327834137,0.9482758620689655,0.9315329286384859,5e-05,282.6710059642792
4,0.07011020682163577,0.9712746858168761,0.9596043870972949,0.16381104730455012,0.9482758620689655,0.9323342824570812,5e-05,296.6670136451721
5,0.05641670783068751,0.9820466786355476,0.9747375030392457,0.4425111214533962,0.8448275862068966,0.7750298685782557,5e-05,299.2825770378113
