{
  "best_epoch": 4,
  "best_val_macro_f1": 0.9216930618401207,
  "test_acc": 0.9568965517241379,
  "test_macro_f1": 0.9384632034632036,
  "test_loss": 0.17004457371036424,
  "total_params": 85802501,
  "trainable_params": 85802501,
  "trainable_ratio": 1.0,
  "num_classes": 5,
  "num_samples": 789,
  "num_train": 557,
  "num_val": 116,
  "num_test": 116
}